ID,cartel,fine_case,y0,appear_d,appear_fas,appear_3,ecm_arg,mark_reg,length_pages,len_days,app_cass,MicroP,SmallP,MedP,LargeP,MSP,final_y,fine
А24-5696/2017,0,0,0,1,1,1,0,1,18,275,1,0,0,1,0,1,0,0
А60-47776/2017,0,1,1,1,1,0,0,1,4,123,0,0,0,0,1,0,1,6408525.01
А75-17336/2017,1,1,0,0,0,0,0,1,8,52,0,1,0,0,0,1,0,100000.00
А25-811/2017,0,0,1,0,1,0,0,1,14,219,0,1,0,0,0,1,1,0
А71-14715/2017,0,0,0,1,1,0,0,0,17,302,1,0,0,1,0,1,0,100000.00
А60-46768/2017,0,0,1,1,1,1,0,1,13,416,2,1,0,0,0,1,1,0
А64-4040/2016,1,0,0,1,1,0,0,1,22,342,1,0,1,0,0,1,0,0
А32-48366/2017,0,1,0,0,0,0,0,0,8,130,1,0,0,0,1,0,0,100000.00
А40-143312/17,1,1,0,0,1,0,0,3,9,160,0,1,0,0,0,1,0,6816600.00
А82-18528/2017,0,0,1,1,1,0,0,1,7,349,2,0,1,0,0,1,1,0
А82-17815/2017,1,1,0,0,1,0,0,1,7,73,0,1,0,0,0,1,0,104039.90
А82-11315/2017,0,0,0,1,1,0,0,0,6,395,1,0,0,0,1,0,0,0
А82-14285/2017,0,0,0,1,1,0,0,0,8,133,0,0,0,1,0,1,0,0
А56-39173/2017,1,0,0,1,1,0,0,1,7,445,3,0,1,0,0,1,1,0
А52-3855/2017,1,0,1,1,1,0,0,2,20,377,2,0,1,0,0,1,0,0
А33-16076/2017,0,0,0,1,1,1,0,0,10,372,1,0,0,0,1,0,0,0
А65-20028/2017,1,0,1,1,1,0,0,1,19,585,3,0,1,0,0,1,0,0
А48-3762/2016,1,1,0,1,1,0,0,1,7,224,1,0,0,0,1,0,0,108895.00
А82-15922/2017,0,1,1,1,1,0,0,0,6,132,0,0,0,1,0,1,1,650000.00
А40-131577/17,1,1,1,1,1,0,0,3,4,182,0,0,0,1,0,1,1,24766560.00
А34-3107/2017,0,0,0,0,1,0,0,1,19,275,0,1,0,0,0,1,0,0
А40-122657/17,1,1,1,1,1,0,0,3,4,194,0,1,0,0,0,1,1,846480.00
А32-36046/2017,0,0,0,1,1,1,0,2,7,323,1,0,0,0,1,0,0,0
А65-8074/2017,0,1,1,0,1,0,0,0,4,295,0,1,0,0,0,1,1,650000.00
А45-11402/2017,0,1,0,1,1,0,0,0,16,308,1,0,0,0,1,0,0,1698126.00
А33-21521/2017,1,1,1,1,1,0,0,1,11,140,0,1,0,0,0,1,1,20000.00
А40-129269/17,1,1,1,1,1,0,0,3,3,189,0,0,1,0,0,1,1,0
А53-32786/2017,1,1,0,0,1,0,0,2,7,129,1,1,0,0,0,1,0,5028210.00
А40-209045/17,1,0,1,1,1,0,0,1,7,265,3,1,0,0,0,1,1,350280.00
А56-56409/2017,0,0,1,1,1,0,0,2,6,435,3,0,0,0,1,0,0,0
А32-52909/2017,0,1,0,1,1,0,0,0,9,109,1,0,0,0,1,0,0,100000.00
А32-46799/2017,0,0,0,1,1,0,1,2,8,183,1,0,0,0,1,0,0,0
А17-6056/2017,1,1,1,1,1,0,0,3,7,189,0,1,0,0,0,1,1,1538840.00
А17-6055/2017,1,1,1,1,1,0,0,3,7,189,0,0,1,0,0,1,1,1364080.00
А15-5731/2017,0,0,0,1,1,1,0,2,8,322,1,0,0,0,1,0,0,0
А40-190583/17,1,0,0,1,1,0,0,2,6,219,1,1,0,0,0,1,0,0
А34-9885/2017,0,0,0,1,1,1,0,1,11,250,1,1,0,0,0,1,0,0
А40-216826/17,0,1,0,1,1,0,0,2,7,131,1,0,0,0,1,0,0,562500.00
А69-1802/2017,0,0,0,1,1,0,0,2,14,315,1,0,0,1,0,1,0,0
А50-25636/17,1,0,0,1,1,0,0,2,13,259,1,1,0,0,0,1,0,0
А74-15796/2017,0,1,0,1,1,0,0,1,11,93,0,1,0,0,0,1,0,150000.00
А43-4738/2017,0,1,0,1,1,0,0,2,12,471,1,0,1,0,0,1,0,650000.00
А28-10990/2017,0,0,1,1,1,0,0,1,10,371,3,1,0,0,0,1,0,0
А40-149179/2017,1,1,1,1,1,0,0,3,4,173,0,1,0,0,0,1,1,100000.00
А40-149827/2017,1,1,1,1,1,0,0,3,4,170,0,1,0,0,0,1,1,100000.00
А40-149824/17,1,1,1,1,1,0,0,3,3,155,0,0,1,0,0,1,1,0
А40-119201/17,1,1,1,1,1,0,0,3,3,204,0,0,1,0,0,1,1,29155240.00
А40-148648/17,1,1,1,1,1,0,0,3,3,162,0,1,0,0,0,1,1,28971400.00
А40-163636/17,1,1,1,1,1,0,0,3,7,137,0,0,1,0,0,1,1,6240054.95
А40-151801/17,1,1,1,1,1,0,0,3,4,155,0,1,0,0,0,1,1,1222600.00
А40-147997/17,1,1,1,1,1,0,0,3,4,158,0,1,0,0,0,1,1,738320.00
А31-13593/2016,0,1,1,1,1,0,0,0,6,404,0,0,0,0,1,0,1,650000.00
А32-49263/2017,0,0,0,1,1,1,0,0,11,306,1,0,0,0,1,0,0,0
А31-13592/2016,0,1,1,1,1,0,0,0,6,399,0,0,0,0,1,0,1,650000.00
А75-18073/2017,1,1,1,1,1,0,0,1,12,223,3,1,0,0,0,1,0,1579280.00
А06-5800/2017,0,0,0,1,1,0,0,2,6,371,1,1,0,0,0,1,0,0
А53-31256/17,1,1,0,1,1,0,1,2,12,221,1,0,0,0,1,0,0,3589729.00
А32-53858/2017,0,1,0,1,1,0,0,0,10,101,1,0,0,0,1,0,0,100000.00
А15-5080/2017,0,0,0,0,1,0,0,0,5,129,0,1,0,0,0,1,0,0
А40-195180/17,1,0,0,1,1,0,0,1,8,337,2,1,0,0,0,1,1,1052527.00
А40-193531/17,0,0,0,1,1,1,0,0,11,332,1,0,1,0,0,1,0,0
А32-42559/2017,0,0,0,1,1,1,0,1,5,365,1,0,0,0,1,0,0,0
А67-5067/2017,1,1,0,1,1,0,0,3,13,379,2,0,0,0,1,0,1,113365113.40
А78-5854/2017,0,1,1,1,1,0,0,2,5,291,0,0,1,0,0,1,1,300000.00
А40-130159/17,1,1,1,1,1,0,0,3,4,200,0,1,0,0,0,1,1,646360.00
А40-131808/17,1,1,1,1,1,0,0,3,4,206,0,0,1,0,0,1,1,629360.00
А40-154315/17,1,1,1,0,1,0,0,3,4,163,0,0,1,0,0,1,1,8364840.00
А53-23313/17,0,1,1,1,1,0,0,0,11,181,0,0,0,0,1,0,1,737500.00
А33-22978/2017,1,1,1,1,1,0,0,1,12,310,2,1,0,0,0,1,1,20000.00
А53-34857/17,1,1,0,1,1,0,0,2,8,194,1,0,0,0,1,0,0,2007676.00
А15-4511/2017,0,0,0,1,1,0,0,0,7,182,0,0,1,0,0,1,0,0
А56-96020/2017,1,1,1,1,1,0,0,1,4,73,0,1,0,0,0,1,1,1000000.00
А50-29791/17,1,1,1,1,1,0,0,3,7,146,0,1,0,0,0,1,1,16243680.00
А03-17982/2017,1,1,0,0,1,0,0,1,9,111,0,1,0,0,0,1,0,286636.00
А56-44319/2017,0,0,0,1,1,1,0,2,4,412,1,0,0,0,1,0,0,0
А57-30456/2017,1,1,1,1,1,0,0,1,8,50,0,1,0,0,0,1,1,130200.00
А69-3149/2017,0,0,0,1,1,0,0,0,16,84,0,0,0,1,0,1,0,0
А65-21680/2017,1,0,1,1,1,0,0,2,16,427,2,0,1,0,0,1,1,0
А50-22966/2017,1,1,1,0,1,0,0,3,4,193,0,0,1,0,0,1,1,16205840.00
А17-6057/2017,1,1,1,1,1,0,0,3,8,189,0,0,1,0,0,1,1,23744480.00
А32-51058/2017,0,1,1,1,1,0,0,0,7,54,0,0,0,0,1,0,1,100000.00
А57-30454/2017,1,1,1,1,0,0,0,1,13,63,0,1,0,0,0,1,1,100000.00
А70-13135/2017,0,0,0,1,1,1,0,1,6,350,1,0,0,0,1,0,0,0
А40-159821/17,1,1,1,1,1,0,0,3,4,173,0,1,0,0,0,1,1,1864000.00
А45-12683/2017,0,0,1,1,0,1,0,0,16,453,0,0,0,0,1,0,1,0
А32-47339/2017,0,0,0,1,1,0,0,0,6,284,1,0,0,0,1,0,0,0
А09-626/2018,1,1,1,1,1,0,0,1,3,20,0,1,0,0,0,1,1,228640.00
А60-46349/2017,1,0,0,1,1,0,0,2,14,413,3,1,0,0,0,1,1,0
А63-19959/2017,0,0,1,1,1,1,0,1,22,294,2,0,0,1,0,1,1,0
А34-8245/2017,1,0,0,1,1,0,1,1,14,404,1,1,0,0,0,1,0,0
А01-2171/2017,0,0,0,1,1,0,0,0,8,250,1,0,0,0,1,0,0,0
А40-208599/17,0,0,0,1,1,0,0,2,8,236,1,0,0,0,1,0,0,0
А47-9837/2017,0,1,1,1,1,0,0,1,16,373,2,1,0,0,0,1,1,475000.00
А53-34664/2017,0,0,0,0,1,1,0,1,7,169,1,0,0,1,0,1,0,0
А59-6205/2016,0,1,1,1,1,1,0,0,25,415,0,0,0,0,1,0,1,27321177.00
А74-1861/2017,0,0,1,1,1,1,0,1,18,540,2,0,1,0,0,1,1,1533178.66
А75-19025/2017,1,0,0,1,1,0,0,1,8,222,1,1,0,0,0,1,0,0
А19-18950/2017,0,0,0,1,1,1,0,1,34,312,1,0,0,0,1,0,0,0
А15-4183/2017,0,0,0,1,1,0,0,0,7,446,1,0,0,0,1,0,0,0
А65-33726/2017,0,0,1,1,1,1,0,1,12,313,2,0,0,0,1,0,1,0
А05-17187/2017,0,0,0,0,1,1,0,2,7,65,0,0,0,0,1,0,0,0
А83-10774/2017,0,1,1,1,0,0,0,2,6,203,0,0,0,0,1,0,1,250176.00
А70-17843/2017,1,0,0,1,1,0,0,2,6,286,1,0,1,0,0,1,0,0
А22-541/2017,0,0,1,1,1,0,0,2,8,517,3,1,0,0,0,1,0,0
А66-18766/2017,1,0,0,1,1,0,0,1,5,314,1,1,0,0,0,1,0,0
А64-6230/2017,0,0,0,1,1,0,0,0,14,365,1,0,0,0,1,0,0,0
А33-30324/2017,0,0,0,1,1,1,0,0,12,292,3,0,0,0,1,0,1,0
А47-6633/2017,1,0,0,1,1,0,1,1,26,431,1,1,0,0,0,1,0,100000.00
А32-52501/17,1,0,0,1,1,0,0,1,8,77,0,1,0,0,0,1,0,0
А53-9728/17,0,1,0,1,1,0,0,2,10,361,1,0,0,0,1,0,0,562500.00
А65-20077/2017,1,0,1,1,1,0,0,1,17,473,1,1,0,0,0,1,1,100000.00
А40-238616/17,0,0,0,1,1,1,1,2,12,448,1,0,0,0,1,0,0,0
А26-12834/2017,0,0,0,0,1,0,1,1,17,167,1,1,0,0,0,1,0,0
А28-12419/2017,0,1,1,1,1,0,0,1,7,228,1,0,1,0,0,1,1,475000.00
А45-18562/2017,0,1,1,1,1,0,0,0,10,208,0,0,0,0,1,0,1,0
А40-203641/2017,1,0,0,1,1,0,0,1,8,215,1,0,0,0,1,0,0,3000000.00
А40-223579/17,1,1,0,1,1,0,0,3,6,164,1,1,0,0,0,1,0,23978440.00
А40-239695/17,0,1,0,1,1,0,0,2,9,54,0,0,1,0,0,1,0,562500.00
А40-131916/17,1,1,1,1,1,0,0,3,4,196,0,1,0,0,0,1,1,422960.00
А40-149230/17,1,1,1,0,0,0,0,3,6,178,0,0,0,1,0,1,1,0
А38-10234/2017,0,0,0,1,1,0,0,1,11,166,0,1,0,0,0,1,0,0
А76-21735/2017,1,1,1,0,1,0,0,1,5,224,0,1,0,0,0,1,1,100000.00
А40-245918/17,0,0,0,1,1,1,0,0,12,128,1,0,0,0,1,0,0,0
А40-145509/17,0,0,0,1,1,1,0,2,13,393,1,0,0,0,1,0,0,0
А76-33908/2017,0,1,0,1,1,0,0,1,7,276,1,1,0,0,0,1,0,599308.00
А40-177940/2017,0,1,1,1,0,0,0,2,3,230,2,1,0,0,0,1,1,100000.00
А40-177927/17,0,1,1,1,0,0,0,2,4,214,2,0,1,0,0,1,1,0
А38-12299/2017,0,0,0,1,1,0,0,0,11,112,0,0,1,0,0,1,0,0
А32-56198/2017,0,1,0,1,1,0,0,0,11,104,1,0,0,0,1,0,0,100000.00
А76-14909/2017,1,0,0,1,1,0,0,1,18,314,1,1,0,0,0,1,0,0
А32-50424/17,0,0,0,1,1,1,0,0,8,165,1,0,0,0,1,0,0,0
А40-75105/17,0,1,1,1,0,0,0,2,3,280,0,0,1,0,0,1,1,8136466.21
А40-77374/17,0,1,1,1,0,0,0,2,3,277,0,1,0,0,0,1,1,666165.85
А40-226998/2017,0,1,1,1,1,0,0,0,4,64,0,0,0,0,1,0,1,650000.00
А40-244954/17,1,0,1,1,1,0,0,2,11,246,2,0,0,0,1,0,1,0
А27-22329/2017,0,1,0,1,1,0,0,0,20,418,1,0,0,0,1,0,0,32451038.40
А51-16287/2016,0,1,0,1,1,0,0,1,11,710,1,0,1,0,0,1,0,302256.00
А33-24280/2017,0,0,0,1,1,0,0,2,16,246,1,1,0,0,0,1,0,0
А65-34523/2017,1,0,1,1,1,0,0,1,9,287,2,0,0,1,0,1,1,0
А40-1243/18,1,1,0,1,1,0,0,1,6,134,1,1,0,0,0,1,0,2213651.78
А65-25519/2017,1,0,1,1,1,0,0,2,9,383,2,1,0,0,0,1,1,1566880.00
А27-11441/2017,0,1,0,1,1,0,0,1,25,271,0,0,0,0,1,0,0,300000.00
А65-34835/2017,1,0,1,1,0,0,0,0,11,122,0,0,1,0,0,1,1,0
А45-30322/2017,0,0,0,1,1,0,0,1,14,262,1,1,0,0,0,1,0,0
А09-446/2018,1,1,1,0,1,0,0,1,5,55,0,1,0,0,0,1,1,241883.90
А46-510/2018,0,0,0,1,1,0,0,1,9,266,1,1,0,0,0,1,1,0
А40-238779/17,0,0,0,1,1,1,0,2,10,191,1,0,0,0,1,0,0,0
А33-30813/2017,0,0,0,1,1,0,0,2,16,183,1,1,0,0,0,1,0,0
А40-188927/17,1,1,0,1,1,0,0,1,9,346,1,0,1,0,0,1,0,26869325.45
А27-15575/2017,1,1,0,1,1,0,0,2,11,237,0,1,0,0,0,1,0,0
А82-20032/2017,0,1,1,1,1,0,0,1,10,119,0,1,0,0,0,1,1,475000.00
А51-20995/2017,0,0,0,1,1,1,0,1,29,366,1,0,0,0,1,0,0,0
А73-20807/2017,0,0,1,0,1,1,0,1,10,253,2,0,1,0,0,1,1,0
А40-188560/17,1,1,0,1,1,0,0,1,4,386,1,1,0,0,0,1,0,18546440.00
А40-153432/17,1,0,0,0,1,0,0,2,3,426,1,0,0,0,1,0,0,0
А69-2088/2017,0,0,0,1,1,1,1,2,15,428,1,1,0,0,0,1,0,0
А82-8900/2017,0,0,1,1,1,1,0,1,14,509,2,0,1,0,0,1,1,0
А53-36165/2017,0,0,0,1,1,0,0,1,15,273,1,0,0,0,1,0,0,0
А06-6311/2017,0,0,1,1,1,0,0,0,7,223,0,0,0,0,1,0,1,0
А82-24528/2017,0,1,1,1,1,0,0,2,6,84,0,1,0,0,0,1,1,475000.00
А67-8283/2017,0,0,0,1,1,1,0,0,11,227,1,1,0,0,0,1,0,0
А03-17234/2017,0,0,0,1,1,0,0,0,17,335,1,0,1,0,0,1,0,0
А65-38733/2017,0,0,1,1,1,1,0,2,9,290,2,1,0,0,0,1,1,0
А36-13174/2017,0,1,0,1,1,0,0,2,15,392,1,0,0,0,1,0,0,650000.00
А40-238776/17,0,0,0,1,1,1,0,0,11,184,1,0,0,0,1,0,0,0
А04-494/2018,0,1,0,0,0,0,0,1,15,55,0,1,0,0,0,1,0,100000.00
А32-51703/2017,0,1,0,0,1,0,0,0,6,169,1,0,0,0,1,0,0,100000.00
А53-36086/2017,1,0,1,1,1,0,0,2,11,275,2,1,0,0,0,1,1,0
А46-13206/2017,0,1,1,1,1,0,0,0,7,228,0,0,1,0,0,1,1,929682.00
А58-102/2017,0,1,1,1,0,0,0,1,6,428,0,0,0,0,1,0,1,650000.00
А08-14817/2017,0,1,1,1,1,0,0,2,3,195,2,1,0,0,0,1,1,100000.00
А72-17779/2017,0,1,1,1,1,0,0,1,12,164,2,1,0,0,0,1,1,425426.45
А33-14070/2017,0,1,0,1,1,0,0,1,5,265,0,0,0,1,0,1,0,100000.00
А55-30553/2017,1,1,1,1,1,0,0,3,10,337,3,0,0,1,0,1,0,85291842.88
А21-10064/2017,0,0,0,1,1,0,0,2,19,419,1,0,0,0,1,0,0,0
А33-21130/2017,1,1,1,0,1,0,0,1,6,201,0,1,0,0,0,1,1,438460.00
А19-26380/2017,1,1,0,0,1,0,0,1,10,98,0,1,0,0,0,1,0,100500.00
А32-1984/2018,0,1,0,1,1,0,0,2,8,56,0,0,1,0,0,1,0,3187360.00
А82-25150/2017,0,0,1,1,1,1,0,0,8,317,2,0,0,0,1,0,1,0
А46-24297/2017,0,0,1,1,1,1,0,0,14,103,0,0,0,0,1,0,1,0
А33-19453/2017,1,0,1,1,1,0,0,1,19,328,2,1,0,0,0,1,1,0
А06-7093/2017,0,0,1,1,1,0,0,0,7,196,0,0,0,0,1,0,1,0
А72-619/2018,1,1,1,0,1,0,0,1,9,66,0,0,1,0,0,1,1,5827573.84
А06-7460/2017,0,0,0,0,1,0,0,0,8,277,1,0,0,0,1,0,0,0
А06-543/2018,1,1,1,1,1,0,0,1,8,63,0,1,0,0,0,1,1,100000.00
А33-24850/2017,0,0,1,1,1,0,0,2,15,173,0,1,0,0,0,1,1,0
А15-338/2018,0,1,1,1,1,0,0,2,6,50,0,0,1,0,0,1,1,1223144.90
А60-10293/2018,1,1,1,1,1,0,0,1,11,34,0,1,0,0,0,1,1,2966080.00
А50-44999/2017,0,0,0,1,1,1,0,1,18,90,0,0,1,0,0,1,0,0
А02-1841/17,1,0,0,1,1,0,0,2,17,363,1,1,0,0,0,1,0,0
А58-10802/2017,0,1,0,1,1,0,0,1,11,160,1,0,1,0,0,1,0,550080.00
А53-39749/2017,0,0,0,1,1,1,0,0,9,282,1,0,0,0,1,0,0,0
А14-3561/2018,1,0,1,1,1,0,0,1,17,230,2,0,1,0,0,1,1,0
А40-238665/17,0,0,0,1,1,0,0,0,3,394,2,0,0,0,1,0,1,0
А18-822/17,0,0,0,1,1,1,0,2,10,173,0,0,1,0,0,1,0,0
А07-34087/2017,1,0,0,1,1,0,0,1,12,349,1,1,0,0,0,1,0,0
А40-197692/2017,1,1,0,1,1,0,0,1,9,324,1,1,0,0,0,1,0,9967500.00
А61-5524/2017,1,1,1,1,1,0,0,2,12,201,1,1,0,0,0,1,1,329360.00
А18-1/18,0,1,1,1,1,0,0,2,3,63,0,0,0,0,1,0,1,28929096.00
А61-5525/2017,1,1,1,1,1,0,0,2,12,201,1,1,0,0,0,1,1,524520.00
А40-214297/17,1,0,1,1,1,1,0,2,17,107,0,0,1,0,0,1,1,0
А40-185089/17,0,0,0,1,1,1,0,2,10,436,1,0,0,0,1,0,0,0
А40-194069/17,0,0,0,1,1,1,0,2,10,220,1,0,0,0,1,0,0,0
А59-85/2018,1,0,1,1,1,0,0,1,22,81,0,1,0,0,0,1,1,0
А57-19106/2017,1,0,1,1,1,1,0,1,33,442,2,1,0,0,0,1,1,0
А32-7097/2018,0,1,0,1,1,0,0,0,11,93,1,0,0,0,1,0,0,100000.00
А11-15361/2017,0,1,1,0,1,0,0,1,18,98,0,1,0,0,0,1,1,100000.00
А73-16176/2017,0,0,0,1,1,0,1,1,12,337,1,0,0,0,1,0,0,0
А65-22077/2017,1,0,1,1,1,1,0,1,17,516,2,1,0,0,0,1,1,0
А58-9641/2017,0,0,0,1,1,0,0,0,14,308,3,0,0,0,1,0,1,0
А82-11917/2017,0,0,1,1,1,0,0,1,13,245,0,1,0,0,0,1,1,0
А65-35722/2017,0,0,0,1,1,1,0,1,18,315,1,0,0,1,0,1,0,0
А09-368/2018,0,0,0,1,1,0,0,0,7,189,1,1,0,0,0,1,0,0
А65-35420/2017,1,0,0,0,1,0,0,1,14,146,0,1,0,0,0,1,0,0
А58-9968/2017,0,0,0,1,1,1,0,1,27,189,1,0,0,0,1,0,0,0
А56-79148/2017,0,0,0,1,1,0,0,1,12,104,0,1,0,0,0,1,0,0
А58-10626/2017,0,0,0,1,1,1,0,0,17,281,1,0,0,0,1,0,1,0
А58-10715/2017,0,0,0,1,1,0,0,0,18,321,1,0,0,0,1,0,0,0
А24-162/2018,0,1,1,1,1,0,0,2,10,227,1,0,0,0,1,0,1,18437289.11
А11-290/2018,0,1,0,0,1,0,0,2,16,169,1,0,0,0,1,0,0,562500.00
А45-23105/2017,1,1,1,1,1,0,0,3,11,230,0,0,0,1,0,1,1,349530.00
А06-3473/2017,0,1,1,1,1,0,0,0,11,330,0,0,0,0,1,0,1,650000.00
А18-1212/16,0,0,1,1,1,0,0,0,6,125,2,0,0,0,1,0,1,0
А34-13358/2017,0,1,1,1,1,0,0,1,21,134,0,0,0,0,1,0,1,300000.00
А82-14258/2017,0,1,1,1,1,0,0,1,11,224,0,1,0,0,0,1,1,248756.16
А65-42632/2017,0,0,1,1,1,0,0,1,8,278,2,1,0,0,0,1,1,0
А24-1258/2018,0,1,1,1,1,0,0,1,10,28,0,1,0,0,0,1,1,2151780.00
А37-1573/2017,0,1,1,1,1,0,0,1,22,249,0,1,0,0,0,1,1,364977.00
А40-229297/17,1,0,0,1,1,0,0,1,11,330,1,1,0,0,0,1,0,237400.00
А36-9469/2016,1,0,1,0,1,0,0,1,16,300,2,1,0,0,0,1,0,0
А32-8940/2018,0,1,0,1,1,0,0,0,8,93,1,0,0,0,1,0,0,100000.00
А40-69793/17,1,0,1,1,1,0,1,3,33,617,3,0,0,0,1,0,0,6633702.64
А82-19019/2017,0,0,1,1,1,0,0,0,10,155,0,0,0,0,1,0,1,0
А29-13262/2017,1,0,0,1,1,0,0,1,11,288,1,0,1,0,0,1,0,0
А55-10042/2017,1,0,0,1,1,0,1,2,79,575,1,0,1,0,0,1,0,26338640.00
А21-595/2018,0,0,1,1,1,0,0,1,5,244,2,1,0,0,0,1,0,0
А41-83330/17,0,1,1,1,1,0,0,2,16,378,2,0,0,0,1,0,1,12777418.00
А46-242/2018,0,1,0,1,1,0,0,1,8,160,1,0,1,0,0,1,0,1784778.80
А40-3007/18,0,0,0,1,1,1,0,0,14,272,1,0,0,0,1,0,0,0
А46-21189/2017,1,0,0,1,1,1,0,1,9,344,1,0,1,0,0,1,0,4197960.00
А32-10948/2018,0,1,0,1,1,0,0,0,12,88,1,0,0,0,1,0,0,100000.00
А60-70348/2017,1,0,0,1,1,0,0,1,23,341,1,1,0,0,0,1,1,1049998.95
А46-16597/2017,0,0,1,1,1,0,1,2,16,300,2,0,0,0,1,0,1,650000.00
А65-28948/2017,1,0,0,1,1,0,0,2,18,383,1,1,0,0,0,1,0,0
А59-242/2018,0,0,0,1,1,0,0,1,7,262,1,1,0,0,0,1,0,0
А82-25288/2017,0,0,0,1,1,0,1,0,9,315,1,0,0,0,1,0,0,0
А46-339/2018,0,0,0,1,1,0,0,1,4,218,1,1,0,0,0,1,0,0
А14-3571/2017,0,1,1,1,1,0,0,1,22,629,1,0,0,0,1,0,1,12511695.00
А40-22265/18,1,0,1,1,1,0,0,3,8,267,2,0,1,0,0,1,1,0
А65-30870/2017,0,0,1,1,1,0,0,2,10,422,2,0,0,0,1,0,1,0
А45-15552/2017,0,1,1,1,0,0,0,1,5,291,0,0,0,0,1,0,1,0
А32-4109/18,1,1,0,1,1,0,0,1,11,159,1,1,0,0,0,1,0,2637960.00
А33-2359/2018,0,0,0,0,1,1,0,1,10,75,0,1,0,0,0,1,0,0
А40-187695/17,1,1,0,1,0,0,0,3,12,375,1,0,1,0,0,1,0,864150.00
А49-14010/2017,0,0,0,1,1,1,0,1,13,360,1,1,0,0,0,1,0,0
А07-32139/17,0,0,0,1,1,1,0,1,11,394,1,1,0,0,0,1,0,0
А40-16921/18,1,1,0,0,1,0,0,3,7,196,1,0,1,0,0,1,0,0
А40-16924/18,1,1,0,1,1,0,0,3,7,76,0,0,1,0,0,1,0,12709960.00
А40-255914/2017,1,0,0,1,1,0,0,3,6,236,1,1,0,0,0,1,0,0
А21-12302/2017,0,0,0,1,1,1,0,0,11,367,1,0,0,0,1,0,0,0
А38-1705/2018,1,0,0,1,1,0,0,1,14,258,1,1,0,0,0,1,0,0
А40-3363/2018,0,0,1,1,1,0,1,2,9,376,3,0,0,0,1,0,0,0
А32-56275/17,0,1,0,1,1,0,0,0,7,194,1,0,0,0,1,0,0,100000.00
А40-42131/2018,0,0,0,1,1,1,0,0,15,122,1,0,0,0,1,0,0,0
А40-26296/18,1,1,0,1,1,0,0,2,8,121,1,0,0,0,1,0,0,26869325.45
А40-25536/18,0,1,0,1,1,0,0,0,9,290,1,0,0,0,1,0,1,650000.00
А44-1066/2018,1,0,0,1,1,0,0,2,6,346,1,0,0,0,1,0,0,0
А40-242045/17,0,0,0,1,1,0,0,0,10,188,1,0,0,0,1,0,0,0
А07-3757/17,0,0,0,0,1,0,0,1,11,393,0,1,0,0,0,1,0,20000.00
А82-23305/2017,0,1,1,1,1,0,0,0,6,148,0,0,0,0,1,0,1,100000.00
А82-23566/2017,0,1,1,1,1,0,0,0,12,147,0,0,0,0,1,0,1,737500.00
А69-390/2018,0,0,0,1,1,0,0,2,19,183,1,1,0,0,0,1,0,0
А24-310/2018,1,0,1,1,1,0,0,1,15,279,2,0,0,0,1,0,1,0
А18-465/17,0,1,1,0,0,0,0,0,3,311,0,0,0,0,1,0,1,0
А18-463/17,0,1,1,0,0,0,0,0,3,311,0,0,0,0,1,0,1,0
А32-1529/18,0,0,0,1,1,0,0,0,7,252,1,0,0,0,1,0,0,0
А33-1477/2018,0,0,0,1,1,1,0,1,15,198,1,1,0,0,0,1,0,0
А56-30124/2018,0,1,1,1,1,0,0,1,4,256,2,0,0,0,1,0,1,5421029.06
А53-3133/2018,0,1,0,1,1,0,0,2,6,119,1,0,0,0,1,0,0,650000.00
А70-18618/2017,1,1,0,1,1,0,0,2,10,301,1,0,1,0,0,1,0,10937360.00
А19-21949/2017,0,0,1,1,1,0,0,0,15,395,2,0,1,0,0,1,1,0
А52-450/2018,0,0,0,1,1,0,0,1,15,317,1,0,1,0,0,1,0,0
А82-26453/2017,0,1,1,1,1,0,0,0,5,209,1,0,0,0,1,0,1,650000.00
А82-19905/2017,0,1,1,1,1,0,0,0,12,166,0,0,0,0,1,0,1,650000.00
А70-891/2018,1,1,0,1,1,0,0,2,9,313,1,1,0,0,0,1,0,25949480.00
А82-14565/2017,0,1,1,1,1,0,0,0,4,261,0,0,0,0,1,0,1,7308881.30
А70-938/2018,1,1,0,1,1,0,0,2,9,305,1,1,0,0,0,1,0,17833280.00
А06-9347/2017,1,0,0,1,1,0,1,2,16,354,1,1,0,0,0,1,0,1110766.01
А40-3010/2018,0,0,0,1,1,0,0,0,12,116,0,0,0,0,1,0,0,0
А33-1881/2018,0,0,0,1,1,1,0,1,18,166,1,1,0,0,0,1,0,0
А59-451/2018,0,0,0,1,1,1,0,1,43,189,1,0,1,0,0,1,0,0
А33-31305/2017,1,0,0,1,1,0,0,1,13,350,1,1,0,0,0,1,0,0
А62-10897/2017,0,0,0,1,1,0,0,0,7,405,1,1,0,0,0,1,0,0
А40-25341/18,0,1,0,1,0,1,0,0,11,196,1,0,0,0,1,0,0,650000.00
А82-23304/2017,0,1,1,1,1,0,0,0,8,223,2,0,0,0,1,0,1,100000.00
А60-1415/2018,0,0,1,1,1,0,0,1,10,216,2,1,0,0,0,1,1,650000.00
А36-13831/2017,0,0,0,0,1,0,0,1,6,404,1,0,0,0,1,0,0,0
А06-2349/2017,1,1,1,1,1,0,0,1,6,411,0,1,0,0,0,1,1,650000.00
А65-3750/2017,1,0,1,1,1,0,1,2,12,633,2,0,0,1,0,1,1,0
А28-16093/2017,0,1,0,1,1,0,0,1,6,239,1,0,1,0,0,1,0,237500.00
А65-5000/2018,0,0,0,1,1,0,0,1,9,137,1,1,0,0,0,1,0,0
А05-3183/2018,0,1,1,1,1,0,0,0,6,133,1,1,0,0,0,1,1,907910.00
А04-11264/2017,1,0,0,1,1,0,1,1,30,314,1,1,0,0,0,1,0,0
А40-19896/18,0,0,0,1,1,1,0,0,15,374,1,0,0,0,1,0,0,0
А82-19023/2017,0,0,1,1,1,0,0,2,14,183,0,1,0,0,0,1,1,0
А33-13836/2017,0,1,0,0,1,0,0,1,23,321,0,1,0,0,0,1,0,100000.00
А79-15456/2017,0,0,0,1,1,0,0,2,8,308,1,0,0,0,1,0,0,0
А60-65438/2017,0,0,1,1,1,0,0,1,14,425,2,1,0,0,0,1,1,0
А32-51548/17,0,1,0,0,0,0,0,0,7,164,0,0,0,1,0,1,0,100000.00
А06-2158/2018,0,1,1,1,1,0,0,0,12,68,0,1,0,0,0,1,1,404618.75
А66-12110/2017,1,1,0,0,1,0,0,2,6,293,0,1,0,0,0,1,0,100000.00
А66-12233/2017,1,1,0,0,1,0,0,2,6,289,0,1,0,0,0,1,0,100000.00
А41-77752/17,1,1,0,1,1,0,0,2,7,484,1,0,0,0,1,0,0,3900671.25
А57-549/2018,0,0,0,1,1,1,0,1,7,328,1,1,0,0,0,1,0,0
А06-7923/2017,1,0,1,1,1,0,0,0,7,463,2,0,0,0,1,0,1,0
А60-71101/2017,0,1,0,1,1,0,0,0,6,341,1,0,1,0,0,1,1,12819382.01
А41-14527/18,1,1,1,0,0,0,0,1,6,155,2,0,1,0,0,1,1,100000.00
А05-2006/2018,1,0,0,1,1,0,0,1,6,364,1,1,0,0,0,1,0,0
А56-31536/2017,1,1,1,1,0,0,0,3,4,454,2,1,0,0,0,1,1,2029841.48
А03-2271/2018,1,1,1,1,1,0,0,2,8,150,1,1,0,0,0,1,1,1124983.00
А52-4946/2017,0,0,0,1,1,0,0,1,25,443,1,1,0,0,0,1,0,0
А82-12817/2017,0,0,0,1,1,1,1,1,12,517,1,0,0,0,1,0,0,0
А40-20976/18,0,0,1,1,1,0,0,3,7,386,3,0,0,0,1,0,0,0
А41-14001/2018,1,1,0,0,0,0,0,1,8,163,1,0,0,1,0,1,1,100000.00
А15-750/2018,0,0,0,1,1,0,0,0,10,301,1,0,0,0,1,0,0,0
А58-401/2018,0,0,0,1,1,1,0,0,16,315,1,0,0,0,1,0,0,0
А40-73003/18,1,1,0,1,1,0,0,3,6,154,1,0,0,0,1,0,0,10513865.87
А56-14051/2018,0,1,0,1,0,0,0,0,4,259,1,0,0,0,1,0,0,650000.00
А40-41377/18,0,0,0,1,1,0,0,2,8,80,0,0,0,0,1,0,0,0
А40-72898/18,1,1,0,1,1,0,0,3,6,86,1,0,0,0,1,0,0,21027731.75
А40-34061/18,1,1,0,0,1,0,0,3,5,91,0,0,1,0,0,1,0,4058840.00
А57-6509/2017,0,0,0,1,1,0,1,1,23,456,1,1,0,0,0,1,0,0
А57-26901/2017,0,0,1,1,1,0,0,2,9,391,3,0,1,0,0,1,0,0
А40-65503/18,1,1,0,1,1,0,0,2,6,127,1,1,0,0,0,1,0,4620725.20
А44-2104/2018,0,1,0,1,1,0,0,0,11,262,1,0,0,0,1,0,1,18686403.96
А40-36669/18,0,0,0,1,1,1,0,2,8,377,1,0,0,0,1,0,0,0
А40-238628/17,0,0,1,1,1,1,1,3,17,350,2,0,0,0,1,0,1,0
А40-30670/18,0,0,0,1,1,1,0,2,9,190,1,0,0,0,1,0,0,0
А38-1961/2018,0,0,0,1,1,0,0,0,11,166,1,0,1,0,0,1,0,0
А32-2784/18,0,0,0,1,1,0,0,0,9,285,1,0,0,1,0,1,0,0
А44-1319/2018,1,0,0,1,1,0,0,2,9,348,1,0,0,0,1,0,0,0
А32-56345/17,0,1,0,1,1,0,0,0,9,204,1,0,0,0,1,0,0,100000.00
А38-13147/2017,0,1,0,0,1,0,0,1,12,163,0,1,0,0,0,1,0,248070.39
А20-5440/2017,0,0,0,1,1,0,0,0,11,401,1,0,0,0,1,0,0,0
А76-4529/2018,1,1,0,0,1,0,0,1,10,70,0,1,0,0,0,1,0,0
А40-150340/17,0,1,1,1,0,0,0,1,5,255,0,0,0,0,1,0,1,650000.00
А58-9979/2017,0,0,1,1,1,0,0,1,17,344,2,1,0,0,0,1,1,0
А40-95201/18,0,0,0,1,1,1,0,0,10,34,0,0,0,0,1,0,0,0
А40-209057/17,1,1,0,1,1,0,0,1,3,212,0,1,0,0,0,1,0,1370906.88
А40-38609/18,0,0,1,1,1,1,0,0,7,365,2,0,0,0,1,0,0,0
А65-28770/2017,0,1,1,0,1,0,0,1,4,273,0,1,0,0,0,1,1,650000.00
А33-16080/2017,1,1,1,1,1,0,0,3,9,328,0,1,0,0,0,1,1,285572.66
А18-66/17,0,0,1,1,1,1,0,1,7,0,0,0,0,0,1,0,1,0
А21-3071/2018,0,0,0,1,1,1,0,0,6,199,1,0,0,0,1,0,0,0
А18-462/17,0,1,1,1,1,1,0,1,3,351,0,0,0,0,1,0,1,0
А29-1946/2018,0,1,1,1,1,0,0,0,12,227,2,0,0,0,1,0,1,87575510.14
А53-5862/18,1,1,0,1,1,0,0,1,7,89,0,1,0,0,0,1,0,50000.00
А40-48087/18,0,0,0,1,1,1,0,0,13,316,1,0,0,0,1,0,0,0
А33-34406/2017,0,0,0,1,1,0,0,1,20,155,0,1,0,0,0,1,0,0
А15-803/2018,0,0,0,1,1,0,0,2,10,274,1,0,0,0,1,0,0,0
А59-1963/2018,0,1,1,0,0,0,0,1,20,57,0,1,0,0,0,1,1,100000.00
А46-7031/2018,0,1,1,1,1,0,0,1,6,34,0,0,1,0,0,1,1,300000.00
А05-5325/2018,0,1,1,1,1,1,0,2,11,23,0,0,0,0,1,0,1,650000.00
А17-8336/2017,0,0,0,1,1,0,0,0,18,364,1,0,1,0,0,1,0,0
А10-3974/2017,0,0,0,1,0,0,0,0,12,498,1,0,0,0,1,0,1,0
А33-28932/2017,0,0,0,1,1,0,0,1,10,266,0,1,0,0,0,1,0,0
А56-110130/2017,0,0,0,0,1,0,0,0,9,411,3,0,0,0,1,0,1,0
А40-81507/18,0,0,0,1,1,1,0,2,13,160,1,0,0,0,1,0,0,0
А34-2785/2018,0,1,1,1,1,0,0,2,6,60,0,1,0,0,0,1,1,562500.00
А33-3018/2018,1,1,1,1,1,0,0,1,13,113,0,1,0,0,0,1,1,213401.00
А75-1658/2018,0,1,0,1,1,0,0,1,7,348,1,0,1,0,0,1,0,2264072.57
А82-5944/2018,0,0,0,1,1,0,0,1,7,217,1,1,0,0,0,1,0,0
А40-30443/18,0,0,0,1,1,1,0,0,15,358,1,0,0,0,1,0,0,0
А10-7410/2017,0,1,0,1,0,0,0,0,10,396,1,0,0,0,1,0,0,265214.00
А71-481/2018,1,0,0,1,1,0,0,1,24,335,1,1,0,0,0,1,0,4491992.64
А51-29535/2017,0,0,1,1,1,1,0,0,27,366,2,0,1,0,0,1,1,0
А56-15775/2018,0,1,1,1,1,0,0,0,5,132,0,0,0,0,1,0,1,226842.00
А62-2120/2018,0,1,1,1,1,0,0,1,6,82,0,1,0,0,0,1,1,320519.00
А27-3143/2018,1,1,0,1,1,0,1,2,12,349,1,1,0,0,0,1,1,0
А40-58829/18,0,0,0,1,1,0,0,0,14,350,1,0,0,0,1,0,0,0
А74-3555/2018,1,0,1,1,1,0,0,0,16,179,2,1,0,0,0,1,1,0
А03-18960/2017,0,1,1,1,1,0,0,0,12,231,0,0,0,0,1,0,1,100000.00
А42-6919/2017,0,0,0,1,1,0,0,1,72,552,1,1,0,0,0,1,0,0
А33-9170/2018,1,1,1,1,1,0,0,1,12,70,0,1,0,0,0,1,1,270400.00
А59-1892/2018,0,1,0,1,1,0,0,1,22,82,0,0,1,0,0,1,0,527652.55
А53-12180/2018,0,0,0,1,1,0,0,0,8,209,1,0,0,0,1,0,0,0
А82-22685/2017,0,1,1,1,1,0,0,0,8,286,1,0,0,0,1,0,1,133161.86
А03-19481/2017,0,0,0,1,1,1,0,1,20,429,1,1,0,0,0,1,0,0
А82-3328/2018,0,1,0,1,1,1,0,0,8,189,1,0,0,1,0,1,0,475000.00
А65-21519/2017,1,1,1,0,1,0,0,2,4,338,0,0,1,0,0,1,1,23000000.00
А82-2852/2018,0,1,0,1,1,0,0,0,8,195,1,0,0,1,0,1,0,650000.00
А40-20924/18,0,0,0,1,1,1,0,0,8,386,1,0,0,0,1,0,0,0
А53-3850/18,0,0,0,1,1,1,0,0,11,336,1,0,0,0,1,0,0,737500.00
А43-48051/2017,0,0,1,1,1,1,0,0,6,293,2,0,0,0,1,0,1,0
А33-1323/2018,0,0,0,1,1,1,0,0,16,326,1,0,0,0,1,0,0,0
А65-10455/2018,0,1,0,0,0,0,0,1,8,143,1,1,0,0,0,1,0,50000.00
А15-837/2018,0,0,1,1,1,0,0,0,7,300,2,0,0,0,1,0,1,0
А53-1831/2018,0,0,1,1,1,1,0,1,12,306,2,1,0,0,0,1,1,0
А82-28/2018,0,0,0,1,1,0,0,0,12,303,1,0,0,0,1,0,0,0
А62-10340/2017,0,0,0,1,1,0,0,0,22,178,0,0,0,0,1,0,0,100000.00
А62-9291/2017,0,0,1,1,1,0,0,0,16,206,0,0,0,0,1,0,1,100000.00
А79-14532/2017,0,0,0,1,1,0,1,2,10,428,1,0,1,0,0,1,1,0
А05-3176/2018,0,1,1,1,1,0,0,0,12,300,1,1,0,0,0,1,1,921530.00
А07-28913/2016,0,1,1,1,1,0,0,2,5,553,0,0,0,0,1,0,1,300000.00
А07-37592/17,0,0,1,1,1,1,0,1,37,455,3,1,0,0,0,1,0,0
А09-4678/2018,0,1,1,1,1,0,0,0,11,150,1,1,0,0,0,1,1,100000.00
А07-38895/17,0,0,1,1,1,0,0,1,28,467,3,1,0,0,0,1,0,0
А40-36254/2018,0,0,0,1,1,0,0,3,6,331,1,0,0,0,1,0,0,0
А76-4272/2018,0,1,0,1,1,0,0,1,10,177,1,1,0,0,0,1,0,100000.00
А38-3391/2018,0,1,1,1,1,0,0,2,16,69,0,1,0,0,0,1,1,212701.37
А07-4311/18,0,0,0,1,1,1,0,0,17,203,1,0,0,0,1,0,0,0
А38-2838/2018,0,0,0,0,1,0,0,1,13,80,0,0,1,0,0,1,0,0
А40-46901/18,1,0,0,1,1,0,0,1,9,352,1,1,0,0,0,1,0,0
А40-56341/18,1,1,0,1,1,0,0,2,7,230,1,1,0,0,0,1,0,5535184.02
А69-913/2018,0,0,0,1,1,1,0,2,12,133,1,0,0,1,0,1,0,0
А15-1492/2018,0,1,0,1,1,0,0,1,6,57,0,0,1,0,0,1,0,987905.52
А32-54320/2017,0,1,0,1,1,0,1,2,9,174,0,0,0,0,1,0,0,300000.00
А40-28782/18,0,0,0,1,1,1,0,0,8,404,1,0,0,0,1,0,0,0
А50-31082/2017,0,1,0,1,1,0,0,2,4,344,1,0,0,0,1,0,0,100000.00
А19-2364/2018,0,1,0,0,1,0,0,1,16,139,0,0,0,0,1,0,0,300000.00
А82-23126/2017,0,0,0,1,1,1,0,1,10,344,1,1,0,0,0,1,0,0
А73-5275/2018,0,0,0,1,1,1,0,2,16,355,1,0,0,0,1,0,0,0
А62-3295/2018,0,1,1,1,0,0,0,1,6,68,0,1,0,0,0,1,1,15000.00
А36-13833/2017,0,0,0,0,1,0,0,1,9,404,1,0,0,0,1,0,0,0
А43-34710/2017,0,1,0,0,1,0,0,0,10,256,0,0,0,0,1,0,0,737500.00
А41-24151/18,1,1,1,1,1,0,0,3,8,239,1,0,1,0,0,1,1,5135363.63
А59-6163/2017,1,1,1,0,1,0,0,1,9,224,0,1,0,0,0,1,1,20000.00
А13-825/2018,1,0,1,1,1,0,0,2,16,312,2,1,0,0,0,1,0,0
А60-47776/2017,0,1,1,1,1,0,0,1,6,514,2,0,0,0,1,0,1,6408525.01
А33-13699/2018,1,1,0,1,1,0,0,2,10,42,0,1,0,0,0,1,0,687080.00
А25-1365/2017,0,0,1,1,1,1,0,0,32,474,2,0,1,0,0,1,1,0
А69-1210/2018,0,1,1,1,1,0,0,2,12,223,3,0,0,1,0,1,0,737500.00
А83-20140/2017,0,0,0,1,1,1,0,1,5,349,1,0,0,1,0,1,1,0
А43-7375/2018,0,0,0,0,1,1,0,0,7,311,1,0,0,0,1,0,1,0
А53-35360/17,1,0,0,1,1,0,0,1,12,484,3,0,1,0,0,1,1,0
А65-8540/2018,0,0,1,1,1,0,0,1,7,323,2,1,0,0,0,1,1,0
А63-2138/2018,1,0,0,1,1,0,0,2,20,402,3,1,0,0,0,1,1,0
А82-1415/2017,1,1,1,1,1,0,0,2,8,490,0,0,1,0,0,1,1,100000.00
А33-9018/2018,1,0,0,1,1,1,0,1,8,182,1,0,1,0,0,1,0,0
А49-4263/2018,1,1,0,1,1,0,0,1,6,87,0,0,0,0,1,0,0,1105236.00
А74-18877/2017,0,0,1,1,1,0,0,0,7,313,2,0,1,0,0,1,1,0
А40-80015/18,0,0,0,1,1,1,0,2,14,76,0,0,0,0,1,0,0,0
А42-31/2018,0,1,0,1,1,0,0,1,12,392,1,0,1,0,0,1,0,1499286.66
А60-32593/2018,0,1,1,0,1,0,0,0,6,36,0,1,0,0,0,1,1,650000.00
А31-3518/2018,0,0,0,1,1,0,0,0,15,275,1,0,1,0,0,1,0,0
А40-81516/18,0,0,0,1,1,1,0,2,12,273,1,0,0,0,1,0,0,0
А40-111296/18,1,1,0,1,1,0,0,2,5,139,1,1,0,0,0,1,0,233734.93
А40-111349/18,1,1,0,1,1,0,0,2,5,120,1,1,0,0,0,1,0,430342.50
А65-16154/2018,0,1,1,1,1,0,0,1,7,204,2,1,0,0,0,1,1,650000.00
А40-227096/17,0,1,0,1,1,0,0,0,9,222,0,1,0,0,0,1,0,100000.00
А60-59301/2017,0,0,1,1,1,0,0,2,6,364,2,0,0,0,1,0,1,650000.00
А32-22527/2018,0,1,0,1,1,0,0,2,9,90,1,0,0,0,1,0,0,0
А56-42398/2018,0,0,0,1,1,1,0,1,5,319,1,0,0,0,1,0,0,0
А54-4418/2017,0,1,1,1,1,0,0,0,16,431,1,0,0,0,1,0,1,562500.00
А15-2093/2018,0,1,0,1,1,0,0,1,5,133,1,0,1,0,0,1,0,2133329.89
А65-2106/2018,0,0,1,1,1,0,0,1,11,362,2,1,0,0,0,1,1,0
А15-1353/2018,0,1,0,0,1,0,0,2,7,189,1,0,0,0,1,0,0,825000.00
А07-16781/2018,0,0,1,1,1,1,0,0,31,236,2,0,0,0,1,0,1,0
А64-2051/2018,0,0,0,1,1,0,0,0,13,246,1,0,0,0,1,0,0,0
А45-991/2018,0,0,0,1,1,1,1,0,36,335,1,0,0,1,0,1,0,0
А35-6161/2017,1,1,1,0,1,0,0,2,13,367,0,1,0,0,0,1,1,101000.00
А35-6147/2017,1,1,1,1,1,0,0,2,13,367,0,1,0,0,0,1,1,101000.00
А59-1622/2018,0,0,1,1,1,1,0,1,35,125,0,0,1,0,0,1,1,1642807.90
А67-2147/2018,0,0,1,1,1,0,0,1,9,318,3,0,1,0,0,1,0,0
А41-40146/2018,1,1,0,0,0,0,0,1,7,60,0,1,0,0,0,1,0,100000.00
А33-8145/2018,0,0,1,0,1,0,0,1,15,287,2,0,0,1,0,1,1,0
А43-34713/2017,0,1,0,1,1,0,0,1,8,278,0,1,0,0,0,1,0,650000.00
А32-7675/2018,1,0,0,1,1,0,0,2,7,365,1,1,0,0,0,1,0,0
А73-3220/2018,0,0,0,1,1,0,0,1,20,353,1,0,1,0,0,1,0,0
А18-464/2017,0,1,1,1,1,0,0,2,12,470,2,0,0,0,1,0,1,28929096.97
А40-91633/18,0,0,1,1,1,1,1,3,10,189,2,0,0,0,1,0,1,912500.00
А21-3713/2018,0,0,0,1,1,1,0,0,15,311,1,0,0,0,1,0,0,0
А40-88709/18,1,0,1,1,1,0,0,3,5,289,3,0,1,0,0,1,0,0
А40-61328/18,0,0,0,1,1,0,0,1,23,266,1,0,0,0,1,0,1,0
А57-1199/2017,0,0,0,1,1,0,0,2,22,328,1,0,1,0,0,1,0,0
А40-71722/18,0,1,0,1,1,0,0,3,4,172,1,0,0,0,1,0,0,562500.00
А40-98314/18,0,0,0,1,1,1,0,0,9,73,1,0,0,0,1,0,0,0
А35-1389/2018,0,0,1,1,1,0,0,0,13,287,2,0,0,0,1,0,1,0
А80-216/2018,0,0,1,1,0,0,0,1,28,185,2,0,1,0,0,1,1,4166592.00
А40-126397/18,1,1,0,1,1,0,0,2,10,254,1,1,0,0,0,1,0,642960.00
А40-130476/18,1,1,1,1,1,0,0,2,5,42,0,0,1,0,0,1,1,13064040.00
А40-117339/18,0,0,0,1,1,1,0,0,7,274,1,0,0,0,1,0,0,0
А32-13407/18,0,0,0,1,1,1,0,0,7,98,0,0,0,0,1,0,0,0
А80-215/2018,0,0,1,1,0,0,0,1,26,296,2,0,1,0,0,1,1,11711164.00
А40-33900/17,1,0,0,1,1,0,0,1,6,249,1,0,1,0,0,1,0,0
А32-6868/18,0,0,0,1,1,1,0,0,8,134,0,0,0,0,1,0,0,0
А32-8292/18,0,0,0,1,1,0,0,0,7,122,0,0,0,0,1,0,0,0
А07-27468/2017,1,0,1,1,1,0,1,2,19,519,2,0,0,1,0,1,1,0
А38-3493/2018,0,0,1,0,1,0,0,1,12,166,2,0,1,0,0,1,1,0
А38-3528/2018,0,1,1,0,1,0,0,2,14,78,0,1,0,0,0,1,1,238265.00
А40-13143/18,0,0,0,1,1,1,0,1,10,235,1,0,0,1,0,1,0,0
А76-7934/2018,1,0,0,1,1,0,0,1,11,184,1,0,1,0,0,1,0,0
А65-21654/2017,1,1,1,1,1,0,0,2,4,381,0,0,1,0,0,1,1,0
А73-11670/2017,0,1,1,1,1,0,0,1,12,504,1,0,0,0,1,0,1,64770068.20
А47-623/2018,0,0,1,1,1,0,0,1,11,426,2,1,0,0,0,1,1,0
А56-90531/2017,0,0,0,1,1,0,0,1,14,230,0,1,0,0,0,1,0,0
А56-63079/2018,0,0,0,1,1,1,0,1,6,166,1,0,0,0,1,0,0,0
А82-19559/2017,0,0,0,1,1,0,0,0,14,400,1,0,0,0,1,0,0,0
А31-2239/2018,0,0,0,1,1,0,0,2,11,369,1,0,0,0,1,0,0,0
А31-2240/2018,0,0,0,1,1,0,0,2,12,363,1,0,0,0,1,0,0,0
А53-20186/18,0,1,0,0,0,0,0,0,4,37,0,0,0,0,1,0,0,506059.50
А06-4985/2018,0,1,1,1,1,0,0,0,10,74,0,0,0,0,1,0,1,30269340.70
А33-1399/2018,1,0,1,1,1,0,0,1,30,290,1,0,0,0,1,0,1,0
А60-21739/2018,0,0,0,0,1,0,0,1,13,112,0,1,0,0,0,1,0,0
А65-7274/2018,1,0,0,1,1,0,0,1,26,345,1,0,0,0,1,0,0,0
А73-8348/2018,1,0,0,1,1,1,0,1,14,292,1,0,0,0,1,0,0,0
А49-902/2018,0,0,0,1,1,1,0,2,25,359,1,1,0,0,0,1,0,0
А21-1132/2017,1,0,0,0,1,0,0,1,11,656,1,1,0,0,0,1,0,0
А56-69566/2018,0,0,0,1,1,0,0,2,8,153,1,0,1,0,0,1,1,0
А55-35426/2017,1,0,0,1,1,0,0,1,20,358,1,1,0,0,0,1,0,283240.06
А57-11517/2018,0,0,0,1,1,0,0,1,12,139,1,1,0,0,0,1,0,0
А27-3422/2018,0,0,0,1,1,0,0,0,12,324,1,0,0,0,1,0,0,0
А06-729/2018,0,0,0,1,1,0,0,0,10,317,1,0,0,0,1,0,0,0
А65-14774/2018,0,0,0,1,1,0,0,1,16,298,1,1,0,0,0,1,0,0
А60-23301/2018,0,0,1,1,1,1,0,0,18,210,2,0,0,0,1,0,1,0
А63-12117/2018,0,0,0,1,1,0,0,0,10,219,1,0,0,0,1,0,0,0
А12-22850/18,0,0,0,1,1,0,0,0,6,159,1,0,0,0,1,0,0,0
А40-87656/18,0,0,0,1,1,1,0,3,8,323,1,0,0,0,1,0,0,0
А40-81512/18,0,0,0,1,1,1,0,0,6,301,1,0,0,0,1,0,0,0
А40-58039/18,0,0,0,1,1,0,0,0,12,134,0,0,0,0,1,0,0,0
А50-18332/18,0,0,0,1,1,1,0,1,11,64,0,1,0,0,0,1,0,0
А65-14570/2018,0,1,1,1,1,0,0,1,9,259,2,1,0,0,0,1,1,650000.00
А33-5026/2018,0,0,0,1,1,0,0,1,11,235,1,1,0,0,0,1,0,0
А60-61284/2017,1,1,1,1,1,0,0,2,5,343,1,1,0,0,0,1,1,3000000.00
А43-9030/2018,0,0,0,1,1,0,0,1,19,308,1,0,0,1,0,1,0,0
А53-13844/18,0,0,0,1,1,1,0,2,9,260,1,0,0,0,1,0,0,0
А18-1813/18,0,1,1,1,1,0,0,2,8,55,0,0,1,0,0,1,1,5866848.25
А27-6567/2018,0,0,0,1,1,0,0,1,30,216,1,0,0,0,1,0,0,0
А79-4889/2018,1,1,1,1,1,0,0,2,13,164,1,1,0,0,0,1,1,487500.00
А65-4451/2018,1,0,1,1,1,0,0,2,13,287,2,1,0,0,0,1,1,0
А79-4888/2018,1,1,0,1,1,0,0,2,12,164,1,1,0,0,0,1,0,1225110.38
А06-2687/2018,0,0,0,1,1,1,0,2,7,256,1,0,0,0,1,0,0,0
А11-14441/2017,0,0,1,1,1,0,0,1,22,405,2,1,0,0,0,1,1,0
А19-29255/2017,1,0,1,1,1,0,0,2,16,335,3,0,0,0,1,0,0,0
А56-19061/2018,0,1,0,1,1,0,0,2,3,186,0,0,0,0,1,0,0,0
А11-3692/2018,0,0,1,1,1,1,0,0,9,362,2,0,0,0,1,0,1,0
А62-4100/2018,0,0,1,1,1,1,0,2,17,245,2,0,0,0,1,0,1,0
А13-16559/2016,0,1,1,1,1,0,0,1,14,790,2,0,0,0,1,0,0,4901763.29
А35-2484/2018,0,0,0,1,1,0,0,0,15,233,2,0,0,0,1,0,1,0
А21-6286/2018,0,0,0,1,0,1,0,0,12,182,1,0,0,0,1,0,0,0
А29-7435/2018,1,1,0,0,0,0,0,1,4,151,1,0,1,0,0,1,0,90000.00
А32-24395/2018,0,1,0,1,1,0,0,0,11,123,1,0,0,0,1,0,0,100000.00
А65-20035/2018,0,0,0,0,1,0,0,1,6,231,3,1,0,0,0,1,1,0
А26-7344/2018,1,1,1,1,1,0,0,2,16,118,1,1,0,0,0,1,1,1232479.99
А11-3512/2018,0,0,0,1,1,0,0,0,14,254,1,1,0,0,0,1,0,0
А51-24758/2016,0,1,1,1,1,0,0,1,20,863,2,0,1,0,0,1,1,21426600.00
А40-104188/18,0,0,0,0,1,0,0,2,6,100,0,0,1,0,0,1,0,0
А11-14724/2017,1,0,0,1,1,0,0,1,19,448,1,1,0,0,0,1,0,0
А65-18981/2018,1,1,1,1,1,0,0,2,5,212,2,1,0,0,0,1,1,730680.00
А60-24984/2018,0,0,0,1,1,0,0,0,17,293,1,0,0,0,1,0,0,650000.00
А32-21497/2018,0,1,0,1,1,0,0,0,10,149,1,0,0,0,1,0,0,100000.00
А79-4883/2018,1,1,1,1,1,0,0,2,11,192,1,1,0,0,0,1,1,1220562.50
А12-22851/2018,0,0,0,1,1,1,0,1,6,159,1,0,0,0,1,0,0,0
А34-5932/2018,1,1,1,1,1,0,0,1,11,240,2,1,0,0,0,1,1,577208.00
А79-4887/2018,1,1,1,1,1,0,0,1,11,171,1,1,0,0,0,1,1,1220562.50
А12-22852/2018,0,0,0,1,1,1,0,1,6,159,1,0,0,0,1,0,0,0
А24-3626/2018,1,1,1,0,0,0,0,1,9,57,0,0,0,0,1,0,1,100000.00
А67-11057/2017,0,1,0,1,1,0,0,0,9,285,1,1,0,0,0,1,0,50000.00
А53-19563/2018,0,1,1,1,1,0,0,1,9,60,0,0,1,0,0,1,1,300000.00
А40-125018/18,1,1,0,0,0,0,0,2,5,141,1,0,0,0,1,0,0,0
А40-130235/2018,0,1,1,1,1,0,0,1,4,68,0,0,0,0,1,0,1,91158800.00
А40-48286/2018,0,0,0,0,1,0,0,1,6,260,1,0,1,0,0,1,0,0
А40-139967/2018,0,1,0,1,1,0,0,2,3,70,0,0,0,0,1,0,0,562500.00
А38-5709/2018,0,0,0,0,1,0,0,1,11,167,1,1,0,0,0,1,0,0
А38-5873/2018,0,1,1,1,1,0,0,0,14,75,0,0,1,0,0,1,1,2268040.68
А38-5835/2018,0,0,0,1,1,0,0,1,13,272,1,1,0,0,0,1,0,0
А40-149096/18,0,1,0,1,1,0,0,2,4,52,0,0,0,0,1,0,0,562500.00
А40-137532/18,0,1,0,1,1,0,0,2,4,121,1,0,0,0,1,0,0,300000.00
А32-17224/18,0,0,0,1,1,0,0,0,8,162,1,0,0,1,0,1,0,0
А76-30982/2017,0,0,0,0,1,0,0,1,14,492,1,0,1,0,0,1,0,0
А32-42858/2017,0,1,0,1,1,0,0,0,9,300,0,0,0,0,1,0,0,300000.00
А40-139992/18,0,1,0,1,1,0,0,0,7,43,0,0,0,0,1,0,0,562500.00
А76-1633/2018,0,0,0,1,1,0,0,0,6,184,0,1,0,0,0,1,0,0
А40-121772/18,1,1,0,1,1,0,0,2,4,259,1,0,1,0,0,1,0,10406400.00
А40-122815/18,0,0,0,1,1,0,0,2,8,171,1,0,0,0,1,0,0,0
А05-7832/2018,0,0,0,1,0,0,0,2,8,180,1,0,0,0,1,0,0,0
А47-7064/2017,1,0,0,1,1,0,0,2,27,421,0,1,0,0,0,1,0,100000.00
А18-2001/18,0,1,1,1,1,0,0,2,11,62,0,1,0,0,0,1,1,2504273.70
А63-7245/2018,1,0,0,1,1,0,0,1,15,264,1,1,0,0,0,1,0,0
А20-1203/2018,0,0,0,1,1,1,0,1,10,338,1,0,0,0,1,0,0,0
А33-6166/2018,0,0,0,1,1,0,0,3,20,245,1,1,0,0,0,1,0,0
А72-5024/2018,0,0,0,1,1,0,0,1,19,148,0,1,0,0,0,1,0,0
А73-7256/2018,0,0,0,0,1,0,0,1,21,258,1,0,0,0,1,0,0,26813611.50
А11-3435/2018,0,0,0,1,1,0,0,0,13,318,1,0,0,0,1,0,0,0
А82-1041/2018,0,0,1,1,1,1,0,0,16,324,2,0,0,0,1,0,1,0
А67-5216/2018,1,1,0,1,1,0,0,3,15,167,1,0,0,1,0,1,0,5135363.63
А19-17679/2017,1,1,1,1,1,0,0,1,25,90,0,1,0,0,0,1,1,100500.00
А15-1354/2018,0,1,0,1,1,0,0,2,7,272,1,0,0,0,1,0,0,912500.00
А12-22849/2018,0,0,0,1,1,1,0,0,6,64,0,0,0,0,1,0,0,0
А65-12839/2018,0,1,1,1,1,0,0,1,8,271,2,1,0,0,0,1,1,150000.00
А53-22447/2018,0,0,1,1,1,1,0,0,6,131,2,0,1,0,0,1,1,0
А33-14343/2018,0,1,1,1,1,0,0,0,10,157,1,0,0,0,1,0,1,3723098.00
А65-21632/2017,0,0,1,1,1,0,0,1,18,415,0,0,0,0,1,0,1,50000.00
А75-9384/2018,1,1,0,0,1,0,0,1,8,84,0,1,0,0,0,1,0,361880.00
А11-4166/2018,0,0,0,1,1,0,0,1,12,158,0,1,0,0,0,1,0,0
А08-9346/2016,0,1,0,1,1,0,0,2,7,169,0,1,0,0,0,1,0,100000.00
А82-3857/2018,0,1,0,1,1,0,0,2,9,174,0,0,0,0,1,0,0,562500.00
А08-9288/2016,0,1,0,1,1,0,0,2,7,169,0,1,0,0,0,1,0,100000.00
А42-4335/2018,0,0,0,1,1,0,0,2,16,244,1,1,0,0,0,1,0,0
А12-22853/2018,0,0,0,1,1,1,0,0,6,60,0,0,0,0,1,0,0,0
А34-9451/2017,1,1,0,0,1,0,0,1,9,415,0,1,0,0,0,1,0,100000.00
А65-6197/2018,0,0,1,1,1,0,0,1,11,365,2,1,0,0,0,1,1,0
А40-20993/18,0,0,1,1,1,0,1,3,19,343,2,0,0,0,1,0,1,0
А65-19723/2018,1,0,1,1,1,0,0,1,9,219,2,1,0,0,0,1,1,0
А39-3907/2018,0,1,0,0,0,0,0,2,33,191,1,1,0,0,0,1,0,100000.00
А56-32549/2018,0,0,0,1,1,1,1,2,10,303,1,0,0,0,1,0,0,0
А63-5672/2018,0,1,1,1,1,0,0,1,11,168,0,0,0,1,0,1,1,2765135.52
А57-10824/2018,0,1,0,1,1,0,0,2,5,162,1,0,0,0,1,0,0,562500.00
А71-10265/2018,0,0,1,1,1,0,0,0,16,148,2,0,0,0,1,0,1,100000.00
А65-20038/2018,0,0,0,1,1,0,0,1,11,172,1,1,0,0,0,1,0,0
А65-15612/2018,1,0,1,1,1,0,0,2,11,300,3,0,1,0,0,1,0,0
А68-5083/2018,1,0,0,1,1,0,0,1,13,210,1,0,1,0,0,1,0,0
А08-9287/2016,0,1,0,1,1,0,0,2,8,303,1,0,1,0,0,1,1,6497650.00
А68-5154/2018,1,0,0,0,1,0,0,1,19,297,1,1,0,0,0,1,0,0
А29-5439/2018,0,1,1,1,1,0,0,0,10,153,0,0,0,1,0,1,1,6471307.50
А12-27846/2018,0,1,0,1,1,0,0,1,8,43,0,0,0,0,1,0,0,325000.00
А31-1145/2018,0,0,0,1,1,0,0,2,18,344,1,0,0,0,1,0,0,0
А12-27845/2018,0,1,0,1,1,0,0,1,8,43,0,0,0,0,1,0,0,325000.00
А82-15367/2018,0,1,0,1,1,0,1,0,7,53,0,0,1,0,0,1,0,650000.00
А06-4654/2018,0,0,1,1,1,0,0,0,6,313,3,0,0,0,1,0,0,0
А02-1254/2018,0,1,0,1,1,0,0,1,12,81,0,1,0,0,0,1,0,704164.52
А40-124258/2018,1,0,0,1,1,0,0,3,14,295,1,0,0,1,0,1,0,0
А06-3156/2018,0,0,1,1,1,0,0,0,6,253,2,0,0,0,1,0,0,0
А33-13046/2018,1,0,0,1,1,0,0,2,18,200,1,1,0,0,0,1,0,0
А06-4439/2018,0,0,0,1,1,0,0,2,6,225,1,1,0,0,0,1,0,0
А33-17148/2018,0,0,1,1,1,1,0,1,13,272,2,0,0,0,1,0,1,0
А33-33369/2017,1,0,0,1,1,0,0,0,12,418,1,0,0,0,1,0,0,0
А33-4862/2018,0,0,0,0,1,0,0,1,37,299,0,1,0,0,0,1,0,0
А65-18184/2018,0,0,1,1,1,0,0,1,9,184,2,1,0,0,0,1,1,0
А40-96178/18,0,0,0,1,1,1,0,0,15,224,1,0,0,0,1,0,0,0
А40-86515/18,0,0,1,1,1,0,0,0,6,276,2,0,0,0,1,0,1,0
А40-149075/2018,1,1,0,1,1,0,0,2,7,258,1,0,0,0,1,0,0,833254.96
А40-149081/18,1,1,0,1,1,0,0,2,6,250,1,0,0,0,1,0,0,8126950.00
А56-81850/2018,0,1,0,1,1,0,0,2,4,197,2,0,0,0,1,0,1,29243655.32
А32-28640/18,0,1,0,0,0,0,0,0,6,125,1,0,0,0,1,0,0,100000.00
А40-115651/18,1,1,0,1,1,0,0,3,10,265,1,1,0,0,0,1,0,14110920.00
А40-160793/18,1,0,1,1,1,0,0,2,5,154,2,1,0,0,0,1,0,0
А38-3677/2018,0,1,0,1,1,0,0,0,11,213,1,0,0,0,1,0,0,237500.00
А18-1734/18,0,1,1,1,1,0,0,2,10,90,0,1,0,0,0,1,1,298400.00
А38-3083/2018,0,1,1,1,1,0,0,0,14,318,2,0,1,0,0,1,1,1297540.44
А38-3854/2018,0,1,1,1,1,0,0,0,14,301,2,0,1,0,0,1,1,16645156.13
А38-6683/2018,1,1,1,1,1,0,0,1,16,72,0,1,0,0,0,1,1,186930.00
А40-116168/18,0,0,0,1,1,1,1,0,20,288,1,0,0,0,1,0,0,0
А76-39878/2017,0,0,0,1,1,0,0,1,25,457,1,1,0,0,0,1,0,0
А32-28964/2018,0,1,1,0,1,0,0,0,5,41,0,0,0,0,1,0,1,300000.00
А33-8663/2018,0,0,0,1,1,1,0,1,10,259,1,0,0,0,1,0,0,0
А07-12691/2018,1,1,1,1,1,0,0,1,7,143,0,1,0,0,0,1,1,1000000.00
А83-6094/2018,0,0,0,1,0,1,0,1,5,321,1,0,0,0,1,0,0,0
А59-4600/2018,0,1,0,1,1,0,0,1,31,154,1,0,1,0,0,1,0,1449921.00
А52-1993/2018,1,0,0,1,1,1,0,1,15,306,1,1,0,0,0,1,0,0
А40-179736/18,0,1,0,1,1,0,0,0,5,165,1,0,0,0,1,0,0,300000.00
А65-13286/2018,1,0,1,1,1,0,0,1,11,153,0,1,0,0,0,1,1,1361320.00
А76-21849/2018,0,1,0,1,1,0,0,0,7,155,1,0,0,0,1,0,0,334199.47
А26-7309/2018,1,1,1,0,1,0,0,1,10,70,0,1,0,0,0,1,1,123510.32
А02-2167/2017,1,1,0,1,1,0,0,2,10,420,1,1,0,0,0,1,0,10567535.85
А32-25713/18,0,1,0,1,1,0,0,0,4,143,1,0,0,0,1,0,0,100000.00
А53-39186/17,1,1,1,0,1,0,0,2,4,295,0,1,0,0,0,1,1,742595.39
А33-34157/2017,1,0,1,1,1,0,0,2,16,384,2,1,0,0,0,1,1,0
А64-7151/2017,0,1,1,1,1,0,0,0,10,365,0,0,0,0,1,0,1,35083473.75
А24-2128/2018,0,0,0,1,1,0,0,2,18,279,1,1,0,0,0,1,0,0
А70-3240/2018,1,1,1,1,1,0,0,2,7,212,0,0,1,0,0,1,1,22155800.00
А69-3442/2017,0,1,0,1,1,0,0,2,9,401,1,1,0,0,0,1,0,300000.00
А49-6909/2018,0,0,0,1,1,0,0,1,10,192,1,1,0,0,0,1,0,0
А06-2690/2018,0,0,1,1,1,0,0,0,6,361,3,0,0,0,1,0,0,0
А06-2691/2018,0,0,1,1,1,0,0,0,6,291,2,0,0,0,1,0,0,0
А06-3333/2018,1,0,1,0,1,0,0,1,13,303,2,1,0,0,0,1,0,0
А40-186560/18,0,1,0,1,1,0,0,2,4,158,1,0,0,0,1,0,0,562500.00
А06-2689/2018,0,0,1,1,1,0,0,0,6,293,2,0,0,0,1,0,0,0
А02-2183/2017,1,1,0,1,1,0,0,2,10,378,1,0,1,0,0,1,0,10567535.85
А65-1662/2018,0,0,1,1,1,0,0,1,5,358,2,0,0,0,1,0,1,0
А40-160899/18,0,0,0,1,1,1,0,0,9,83,0,0,0,0,1,0,0,0
А56-89457/2018,1,1,0,1,1,0,0,1,8,187,1,1,0,0,0,1,0,105300.00
А43-20175/2018,1,0,0,1,1,0,0,2,7,260,1,1,0,0,0,1,0,0
А18-2238/18,0,1,1,1,1,0,0,2,8,70,0,0,1,0,0,1,1,4500866.00
А65-4464/2018,0,1,1,1,1,0,0,2,3,232,0,0,0,0,1,0,1,100000.00
А35-1675/2018,0,0,0,1,1,1,0,1,16,215,0,1,0,0,0,1,0,0
А12-27848/2018,0,1,0,1,1,0,0,0,8,49,0,0,0,0,1,0,0,325000.00
А53-19737/18,0,1,0,1,1,0,0,1,7,147,1,0,0,0,1,0,0,650000.00
А09-2528/2018,1,0,0,1,1,0,0,2,10,350,1,1,0,0,0,1,0,0
А57-10134/2018,0,0,0,1,1,1,1,1,11,152,0,1,0,0,0,1,0,0
А56-90364/2018,1,1,0,1,1,0,0,1,5,187,1,1,0,0,0,1,0,738560.00
А40-173103/18,1,1,0,1,1,0,0,3,7,133,1,0,1,0,0,1,0,13896320.00
А45-24774/2017,0,1,1,1,1,0,0,1,12,462,2,1,0,0,0,1,1,300000.00
А04-7911/2018,0,1,1,1,1,0,0,1,12,27,0,0,0,0,1,0,1,614000.00
А23-9044/2017,1,0,0,1,1,0,1,2,37,459,1,0,1,0,0,1,0,0
А50-26203/2018,0,1,1,1,1,0,0,1,4,51,0,1,0,0,0,1,1,300000.00
А52-2002/2018,0,0,0,1,1,1,0,0,11,310,1,0,1,0,0,1,0,0
А56-107052/2018,1,1,0,1,1,0,0,2,5,171,1,0,1,0,0,1,0,8704611.40
А04-7809/2018,0,0,0,1,1,0,0,1,16,121,1,0,0,0,1,0,0,0
А33-10999/2018,0,0,1,1,1,0,0,1,38,276,2,1,0,0,0,1,0,0
А60-27365/2018,0,0,0,1,1,1,0,2,10,247,1,0,0,0,1,0,0,650000.00
А43-31009/2018,0,1,0,0,1,0,0,0,8,120,1,1,0,0,0,1,1,281250.00
А29-4623/2018,1,1,0,1,1,0,0,2,16,232,1,0,1,0,0,1,0,666152.50
А73-988/2018,1,1,1,1,1,0,0,2,21,418,1,0,1,0,0,1,1,7592736.27
А65-18618/2018,1,1,0,1,1,0,0,2,8,118,0,1,0,0,0,1,0,394920.00
А65-19725/2018,1,1,0,1,1,0,0,1,5,122,0,1,0,0,0,1,0,50000.00
А40-219677/18,0,1,0,1,1,0,0,2,15,122,1,0,0,0,1,0,0,562500.00
А40-85018/18,0,0,1,1,1,1,1,3,14,333,2,0,0,0,1,0,1,0
А23-5334/2018,0,1,0,1,1,0,0,0,20,151,1,0,0,0,1,0,0,19194010.37
А40-179426/18,0,1,0,1,1,1,0,0,4,140,1,0,0,0,1,0,0,300000.00
А40-179738/18,0,1,0,1,1,1,0,2,7,140,1,0,0,0,1,0,0,300000.00
А69-457/2018,0,1,0,0,1,0,0,2,13,238,0,1,0,0,0,1,0,105688.38
А65-4905/2018,1,1,1,1,1,0,0,2,3,252,0,0,0,1,0,1,1,100000.00
А57-12259/2018,0,0,0,0,1,1,1,1,12,132,0,1,0,0,0,1,0,0
А43-27137/2018,0,0,0,1,1,0,0,1,10,89,0,0,0,1,0,1,0,0
А69-2447/2018,0,0,0,1,1,0,0,0,13,153,1,0,0,1,0,1,0,0
А42-5609/2018,1,0,0,1,1,0,0,2,12,110,0,0,1,0,0,1,0,0
А40-208368/18,1,1,0,1,1,0,0,2,17,169,1,0,0,1,0,1,0,1068714.12
А55-19282/2018,0,0,0,1,1,1,0,3,22,188,1,0,0,0,1,0,0,0
А65-16776/2018,0,0,0,1,1,0,0,1,15,232,2,1,0,0,0,1,0,0
А76-16361/2018,0,1,1,1,1,0,0,1,13,145,0,0,1,0,0,1,1,1331992.50
А70-10296/2018,1,0,0,1,1,0,0,2,8,203,1,0,0,0,1,0,1,0
А15-2319/2018,0,0,0,1,1,0,0,2,10,144,0,0,0,0,1,0,0,0
А49-6749/2018,0,0,0,1,1,0,0,1,12,222,1,1,0,0,0,1,0,0
А33-784/2018,1,0,0,1,1,1,0,1,16,381,1,0,1,0,0,1,0,0
А69-1535/2018,0,1,0,1,1,0,0,2,12,150,0,0,0,1,0,1,0,2058318.10
А50-23663/2018,0,1,1,1,1,0,0,2,6,145,2,1,0,0,0,1,1,150000.00
А08-7171/2018,0,0,0,1,1,1,0,2,7,115,0,0,0,0,1,0,0,0
А73-987/2018,1,1,1,1,1,0,0,2,14,333,1,1,0,0,0,1,1,2739080.00
А33-10567/2018,0,0,1,0,1,0,0,1,16,179,0,1,0,0,0,1,1,0
А65-28482/2018,0,0,0,1,1,0,0,2,13,101,1,1,0,0,0,1,0,0
А65-25394/2018,1,0,1,1,1,0,0,1,9,167,2,0,0,0,1,0,1,0
А65-43211/2017,0,0,1,1,1,0,0,1,15,385,1,1,0,0,0,1,1,512369.00
А57-12370/2018,0,0,0,1,1,1,1,2,14,279,1,1,0,0,0,1,0,0
А73-7746/2017,0,1,0,1,1,0,0,1,21,586,1,0,1,0,0,1,0,24951200.00
А40-149084/18,1,1,1,1,1,0,0,3,7,214,1,0,0,0,1,0,1,163091636.87
А40-149078/18,1,1,0,1,1,0,0,3,5,158,1,1,0,0,0,1,0,100000.00
А40-206053/2018,0,1,0,1,1,0,0,3,6,102,1,0,0,0,1,0,0,6170473.46
А40-181502/18,1,1,1,1,1,0,0,1,8,127,2,1,0,0,0,1,1,0
А40-181335/18,1,0,1,1,1,1,0,2,12,185,2,0,0,1,0,1,0,0
А14-74/2018,1,1,1,1,1,0,0,1,16,286,0,0,1,0,0,1,1,12983023.00
А69-2003/2018,0,1,0,0,1,0,0,1,6,196,1,0,1,0,0,1,0,2196191.71
А76-6532/2018,1,0,0,1,1,0,0,1,14,324,1,1,0,0,0,1,0,0
А40-147726/18,0,0,0,1,1,0,0,0,5,200,1,0,1,0,0,1,0,0
А40-159280/18,1,0,0,1,1,0,0,2,8,190,1,1,0,0,0,1,0,0
А32-24932/18,0,1,0,1,1,0,0,0,4,147,1,0,0,0,1,0,0,300000.00
А40-170514/18,0,1,1,1,1,0,0,3,12,122,2,0,0,0,1,0,1,163883610.00
А80-223/2018,1,0,1,1,1,0,0,2,19,231,2,0,0,0,1,0,1,0
А32-28672/18,0,1,0,1,1,0,0,1,9,123,1,0,0,0,1,0,0,300000.00
А25-299/2018,0,0,1,1,1,1,0,2,16,259,0,0,0,0,1,0,1,0
А44-7586/2018,0,0,0,1,1,0,0,2,7,156,1,0,1,0,0,1,0,0
А53-23808/2018,0,0,0,1,1,1,0,2,11,191,1,0,0,0,1,0,0,562500.00
А23-5643/2018,0,1,0,0,1,0,0,0,11,164,1,0,0,0,1,0,0,906136.87
А08-391/2017,0,1,0,1,1,0,0,2,6,177,0,1,0,0,0,1,0,100000.00
А32-32039/2018,0,1,0,1,1,0,0,0,7,153,1,0,0,0,1,0,0,100000.00
А56-90693/2018,1,1,1,1,1,0,0,1,9,203,1,1,0,0,0,1,1,293920.00
А73-16939/2018,0,1,0,1,1,0,0,1,12,70,1,0,0,0,1,0,0,650000.00
А12-28827/18,0,0,1,1,1,0,0,0,8,190,2,0,0,0,1,0,1,0
А36-9912/2018,0,0,1,1,1,0,0,1,8,64,0,1,0,0,0,1,1,0
А11-9124/2018,0,0,1,1,1,1,0,0,20,204,2,0,0,0,1,0,1,0
А56-84452/2018,0,0,1,1,1,0,0,1,5,206,2,0,1,0,0,1,1,0
А56-90958/2017,0,0,0,1,0,0,0,1,20,358,0,1,0,0,0,1,0,0
А34-9453/2017,1,1,0,0,1,0,0,1,6,454,0,1,0,0,0,1,0,117024.00
А82-2708/2018,0,0,1,1,1,0,0,0,9,232,0,0,0,0,1,0,1,0
А76-16732/2018,0,1,0,0,1,0,0,1,10,154,0,1,0,0,0,1,0,50000.00
А70-4565/2018,0,1,0,0,1,0,0,1,4,216,0,0,0,0,1,0,0,3808051.16
А06-7663/2018,0,1,1,1,1,0,0,1,5,96,0,1,0,0,0,1,1,0
А63-10699/2018,0,0,1,1,1,0,0,1,43,236,2,1,0,0,0,1,1,0
А40-196519/18,0,0,0,1,1,1,0,2,13,145,1,0,0,0,1,0,0,0
А76-23164/2018,1,1,1,0,1,0,0,2,14,179,1,1,0,0,0,1,1,224960.00
А69-2448/2018,0,0,0,0,1,0,0,2,18,172,1,0,0,1,0,1,0,0
А79-10328/2018,0,1,1,1,1,0,0,2,10,57,0,0,0,0,1,0,1,562500.00
А40-225915/18,0,0,0,1,1,1,0,2,12,167,1,0,0,0,1,0,0,0
А76-23165/2018,1,1,1,0,1,0,0,2,15,180,1,1,0,0,0,1,1,100000.00
А58-7693/2018,0,1,1,1,0,0,0,1,6,81,0,0,1,0,0,1,1,50000.00
А58-8460/2018,0,1,0,1,1,0,0,0,9,138,1,0,0,0,1,0,0,5040856.91
А50-27793/2018,0,0,0,1,1,0,0,0,7,156,1,0,0,0,1,0,0,0
А32-25339/2018,0,0,0,1,1,1,0,0,11,133,0,0,0,0,1,0,0,0
А56-59704/2018,0,1,0,1,1,0,0,2,5,154,0,0,0,0,1,0,0,100000.00
А40-219534/18,0,1,0,1,1,0,0,0,6,127,1,0,0,0,1,0,0,110147.90
А56-117909/2018,0,1,0,1,1,0,0,0,3,129,1,0,0,0,1,0,0,1582815.94
А45-32461/2018,0,1,0,1,1,0,0,0,13,154,1,0,1,0,0,1,0,835625.00
А15-3791/2018,0,1,1,1,1,0,0,2,6,164,1,0,0,0,1,0,1,1000000.00
А15-3793/2018,0,1,1,1,1,0,0,2,6,173,1,0,0,0,1,0,1,1000000.00
А15-3792/2018,0,1,1,1,1,0,0,2,6,171,1,0,0,0,1,0,1,1000000.00
А64-7408/2016,0,1,1,1,1,0,0,1,9,812,1,0,1,0,0,1,1,3638009.34
А68-10534/2018,0,0,0,1,1,1,0,0,17,172,1,0,0,0,1,0,0,562500.00
А33-22396/2018,0,1,0,0,0,0,0,1,11,199,1,1,0,0,0,1,0,100000.00
А23-1242/2018,1,1,0,1,1,0,0,2,20,357,1,1,0,0,0,1,0,659324.00
А45-12373/2018,1,0,0,1,1,0,0,2,15,291,1,1,0,0,0,1,0,0
А27-4548/2018,0,0,0,1,1,0,0,0,36,354,1,0,0,0,1,0,0,0
А66-2778/2018,1,1,1,0,1,0,0,1,8,280,0,1,0,0,0,1,1,624244.50
А66-3741/2018,1,1,1,0,1,0,0,1,7,265,0,1,0,0,0,1,1,144144.00
А56-44754/2018,0,1,1,1,0,0,0,0,5,218,0,0,0,0,1,0,1,650000.00
А33-22339/2018,0,1,0,0,0,0,0,1,11,202,1,1,0,0,0,1,0,100000.00
А60-44706/2018,0,1,0,1,1,0,0,1,8,174,1,1,0,0,0,1,0,274264.86
А09-11349/2018,0,1,0,1,1,0,0,3,7,23,0,0,0,0,1,0,0,15000.00
А57-17684/2018,0,0,0,1,1,0,0,1,17,176,1,1,0,0,0,1,0,0
А29-8711/2018,1,1,0,0,1,0,0,1,4,144,0,1,0,0,0,1,0,50000.00
А36-628/2018,0,1,0,1,1,0,0,0,17,309,0,0,0,0,1,0,0,15000.00
А06-7195/2018,0,0,1,1,1,0,0,0,8,243,2,0,0,0,1,0,0,0
А58-7847/2018,0,1,1,0,0,0,0,1,4,155,2,1,0,0,0,1,1,50000.00
А53-23309/18,0,1,0,0,1,0,0,0,4,241,1,0,0,0,1,0,0,2406297.00
А40-82871/18,0,0,0,1,1,0,0,2,10,330,1,0,0,0,1,0,0,0
А15-4017/2018,0,1,1,1,1,0,0,1,6,170,1,0,1,0,0,1,1,2682009.00
А53-23321/18,0,0,0,1,1,0,0,2,9,210,1,0,0,0,1,0,0,650000.00
А15-4019/2018,0,1,1,1,1,0,0,1,6,170,1,0,1,0,0,1,1,2682009.00
А15-4018/2018,0,1,1,1,1,0,0,1,6,170,1,0,1,0,0,1,1,2682009.00
А15-4025/2018,0,1,1,1,1,0,0,1,6,92,0,0,1,0,0,1,1,2682009.00
А34-5996/2018,0,0,0,1,1,1,0,0,24,272,1,0,0,0,1,0,0,0
А15-4020/2018,0,1,1,1,1,0,0,1,6,170,1,0,1,0,0,1,1,2682009.00
А56-21385/2018,1,0,1,1,1,0,0,1,9,278,0,0,1,0,0,1,1,0
А40-169776/18,0,0,0,1,1,1,0,2,11,213,1,0,0,0,1,0,0,0
А58-8539/2018,0,0,1,1,1,0,0,1,18,141,2,0,0,0,1,0,0,0
А23-1251/2018,1,1,0,1,1,0,0,2,21,344,1,1,0,0,0,1,0,1601207.76
А32-31431/18,0,0,0,1,1,1,0,1,9,216,1,0,0,0,1,0,0,0
А21-10057/2018,0,0,1,1,1,1,0,1,7,176,2,0,0,1,0,1,1,0
А35-526/2018,0,0,1,1,1,0,0,0,16,383,2,0,0,0,1,0,1,0
А61-3254/18,1,0,0,1,1,0,0,2,7,150,0,1,0,0,0,1,0,0
А38-4810/2018,0,0,0,1,1,0,0,1,25,179,0,1,0,0,0,1,0,0
А32-30610/18,0,1,0,1,1,0,0,0,6,188,1,0,0,0,1,0,0,100000.00
А80-255/2018,0,1,1,1,0,0,0,1,9,188,0,0,1,0,0,1,1,20000.00
А40-155601/18,1,1,0,1,1,0,0,1,6,237,1,0,0,0,1,0,0,2869796.52
А57-18543/2018,0,0,0,1,1,0,0,1,14,173,1,1,0,0,0,1,0,0
А32-39140/2018,0,1,0,1,1,0,0,0,14,51,0,0,0,1,0,1,0,311869.75
А32-25240/18,0,0,0,1,1,1,0,0,7,232,1,0,0,0,1,0,0,0
А32-22095/2018,0,0,0,1,1,0,0,1,14,237,1,0,0,0,1,0,0,0
А60-47465/2018,1,0,0,1,1,0,0,2,17,179,1,1,0,0,0,1,0,1880440.00
А68-7782/2018,1,0,0,1,1,0,0,2,21,154,0,1,0,0,0,1,0,0
А56-92512/2018,1,1,1,1,1,0,0,3,8,123,0,0,1,0,0,1,1,27087560.00
А04-3793/2018,1,1,1,1,1,0,0,1,11,213,0,1,0,0,0,1,1,538000.00
А04-3155/2018,1,1,0,0,1,0,0,1,10,233,0,1,0,0,0,1,0,150000.00
А18-2902/18,1,1,0,0,1,0,0,1,16,45,0,1,0,0,0,1,0,100000.00
А54-6637/2018,0,0,0,1,1,0,0,2,11,117,0,0,0,0,1,0,0,0
А04-2991/2018,1,1,0,0,1,0,0,1,10,237,0,1,0,0,0,1,0,30000.00
А07-16920/18,1,1,1,1,1,0,0,2,9,168,0,1,0,0,0,1,1,1469142.48
А31-12459/2018,0,0,0,1,1,0,0,0,12,145,1,0,1,0,0,1,0,0
А40-196616/18,0,1,0,1,1,0,0,2,6,187,1,0,1,0,0,1,0,31528400.00
А21-6347/2018,0,0,0,1,1,0,0,2,5,286,1,0,0,0,1,0,1,0
А65-28863/2018,0,0,0,1,1,0,0,1,9,161,1,1,0,0,0,1,1,0
А65-28856/2018,0,0,0,1,1,0,0,1,9,161,1,1,0,0,0,1,0,0
А58-9977/2017,0,1,1,1,1,0,0,2,13,420,1,0,0,0,1,0,1,737500.00
А51-14281/2018,1,0,0,1,1,1,0,2,33,238,1,0,1,0,0,1,0,0
А33-23430/2018,0,0,0,1,1,0,0,1,14,95,0,1,0,0,0,1,0,0
А11-11960/2018,0,0,0,1,1,0,0,2,20,81,0,0,0,0,1,0,0,0
А32-53864/2017,0,0,0,1,0,0,0,0,7,357,0,0,0,0,1,0,0,0
А29-16793/2017,0,1,0,1,1,0,0,1,3,371,0,0,0,0,1,0,0,143285.20
А79-15457/2017,0,0,0,1,1,0,0,2,9,350,0,0,0,0,1,0,0,0
А40-225909/18,0,0,0,1,1,1,0,0,13,154,1,0,0,0,1,0,0,0
А42-5590/2018,0,1,0,1,1,0,0,1,12,258,1,0,0,0,1,0,0,650000.00
А40-196524/18,0,0,0,1,1,0,0,0,13,105,0,0,0,0,1,0,0,0
А76-10888/2018,1,0,0,0,1,0,0,1,16,316,1,0,1,0,0,1,0,0
А51-15358/2018,0,0,0,1,1,0,0,0,25,223,1,0,0,0,1,0,0,0
А60-64430/2017,0,1,1,1,1,0,0,1,3,370,0,0,0,0,1,0,1,0
А31-12028/2018,0,1,1,1,1,0,0,2,10,79,0,0,0,0,1,0,1,650000.00
А73-17480/2018,0,0,0,1,1,1,0,3,14,126,1,0,0,0,1,0,0,0
А82-21687/2018,0,1,1,1,1,0,0,0,4,51,0,0,0,0,1,0,1,1173231.39
А31-12027/2018,0,1,1,1,1,0,0,2,10,79,0,0,0,0,1,0,1,650000.00
А39-5513/2018,0,0,1,1,1,0,0,0,27,154,0,0,0,0,1,0,1,143600.10
А33-22754/2018,0,0,0,1,1,1,0,1,9,119,0,0,0,1,0,1,0,0
А56-71359/2018,0,0,1,1,1,0,0,2,6,168,0,1,0,0,0,1,1,0
А40-144066/18,1,0,1,1,1,0,0,3,17,267,2,1,0,0,0,1,1,0
А40-274445/18,0,1,0,1,1,0,0,2,5,107,1,0,0,0,1,0,0,562500.00
А40-175570/18,0,0,1,1,1,1,0,0,8,136,0,0,0,0,1,0,1,0
А40-105330/18,0,0,1,1,1,1,0,0,15,307,2,0,0,0,1,0,1,0
А72-18757/2018,0,1,1,1,1,0,0,2,6,28,0,1,0,0,0,1,1,300000.00
А72-18758/2018,0,1,1,1,1,0,0,2,6,28,0,1,0,0,0,1,1,300000.00
А40-229419/18,0,1,1,1,1,0,0,0,3,75,0,0,0,0,1,0,1,300000.00
А56-110529/2018,1,1,0,1,1,0,0,1,5,84,0,1,0,0,0,1,0,0
А40-225911/18,0,0,0,1,1,1,0,0,13,169,1,0,0,0,1,0,0,0
А56-92575/2018,1,1,1,1,1,0,0,3,8,144,0,1,0,0,0,1,1,4442644.00
А40-245834/18,0,0,0,1,1,0,1,3,6,134,1,0,0,0,1,0,0,0
А23-892/2018,1,1,0,1,1,0,0,2,20,393,1,1,0,0,0,1,0,261922.88
А23-923/2018,1,1,0,1,1,0,0,2,20,386,1,1,0,0,0,1,0,3843761.68
А58-9641/2017,0,0,0,1,1,1,0,0,12,34,0,0,0,0,1,0,0,0
А66-17398/2018,0,0,0,1,1,0,1,2,8,48,0,0,0,0,1,0,0,0
А22-6822/2017,0,0,1,1,1,0,0,0,20,346,0,0,0,0,1,0,1,0
А56-28816/2018,1,1,1,1,1,0,0,1,3,279,0,0,1,0,0,1,1,1000000.00
А58-6339/2018,0,0,1,1,1,1,0,0,19,234,2,0,0,0,1,0,1,0
А82-20227/2018,0,1,0,1,1,0,0,1,7,75,0,0,1,0,0,1,0,0
А42-9403/2018,1,1,1,1,1,0,0,2,12,56,0,0,1,0,0,1,1,3482920.00
А82-1718/2017,1,1,1,1,1,0,0,2,11,763,2,0,1,0,0,1,1,100000.00
А82-1593/2017,1,1,1,1,1,0,0,2,11,767,2,0,0,0,1,0,1,100000.00
А60-49032/2018,0,1,1,1,1,0,0,0,6,124,0,0,0,0,1,0,1,487134031.21
А43-19924/2018,0,0,1,1,1,0,0,0,8,210,0,0,0,0,1,0,1,0
А05-13655/2018,1,1,0,,,0,0,1,,59,0,1,0,0,0,1,0,100000.00
А60-54827/2018,0,0,0,1,1,0,0,1,15,91,0,0,0,0,1,0,0,0
А35-10181/2015,1,0,1,1,1,0,1,1,35,1127,0,0,0,1,0,1,1,0
А51-23448/2018,0,1,1,1,1,0,0,0,12,48,0,0,1,0,0,1,1,5665671.00
А56-118925/2018,0,0,1,1,1,1,0,2,17,86,0,0,1,0,0,1,1,0
А56-142123/2018,1,1,1,1,1,0,0,2,6,36,0,0,0,0,1,0,1,60000000.00
А51-16724/2018,0,0,0,1,1,0,0,1,25,138,0,1,0,0,0,1,0,0
А43-26190/2018,0,0,0,1,1,0,0,0,8,153,0,0,0,0,1,0,0,0
А33-30240/2018,1,1,0,1,1,0,0,1,6,51,0,0,0,0,1,0,0,1241882.91
А43-26191/2018,0,0,0,1,1,0,0,0,10,153,0,0,0,0,1,0,0,0
А14-2587/2017,0,0,0,1,1,0,0,0,17,118,0,0,0,0,1,0,0,0
А33-16766/2018,1,0,1,1,1,0,1,2,9,179,0,1,0,0,0,1,1,0
А66-17399/2018,0,0,0,1,1,0,0,2,7,62,0,0,0,0,1,0,0,0
А53-22976/2018,0,0,0,1,1,1,0,1,10,146,0,0,0,1,0,1,0,0
А31-11183/2018,0,0,0,1,1,0,0,1,8,113,0,1,0,0,0,1,0,0
А35-8183/2018,0,1,1,1,1,0,0,1,16,80,0,0,1,0,0,1,1,11539720.00
А27-13537/2018,0,0,0,1,1,0,0,0,15,172,0,0,0,0,1,0,0,0
А58-10283/2018,1,1,0,1,1,0,0,1,36,119,2,0,0,0,1,0,1,1138308.27
А53-18220/2018,0,0,1,1,1,1,0,2,11,184,0,0,0,0,1,0,1,737500.00
А65-24864/2018,1,0,0,1,1,0,0,1,12,195,1,0,0,0,1,0,0,0
А11-4819/2018,0,1,0,0,1,0,0,1,10,255,0,1,0,0,0,1,0,100000.00
А40-242470/18,0,0,1,1,0,0,0,0,14,75,0,0,0,0,1,0,1,0
А07-14581/18,1,1,1,1,0,0,1,2,12,206,0,0,0,1,0,1,1,4826500.00
А40-267710/2018,0,1,0,1,1,0,0,0,6,92,1,0,0,0,1,0,0,650000.00
А07-32124/2017,0,1,0,1,1,1,0,1,5,421,0,1,0,0,0,1,0,100000.00
А80-311/2018,1,1,1,1,0,0,0,1,9,188,0,0,1,0,0,1,1,20000.00
А40-195107/2018,0,1,0,1,1,0,0,0,9,182,1,0,0,0,1,0,0,116668.72
А17-3223/2017,1,0,1,0,1,0,0,2,6,678,2,0,1,0,0,1,1,0
А40-193988/18,0,0,0,1,1,0,0,0,9,101,0,0,0,0,1,0,0,0